<ImportExportXml xmlns:xsi="http://www.w3.org/2001/XMLSchema-instance">
  <Entities></Entities>
  <Roles></Roles>
  <Workflows></Workflows>
  <FieldSecurityProfiles></FieldSecurityProfiles>
  <Templates />
  <EntityMaps />
  <EntityRelationships />
  <OrganizationSettings />
  <optionsets />
  <CustomControls />
  <SolutionPluginAssemblies>
    <PluginAssembly FullName="PaginatedDatasetPlugin, Version=0.1.0.0, Culture=neutral, PublicKeyToken=27260528b4884f8f" PluginAssemblyId="76d63ad4-7451-4e41-ba81-d452821545ed" CustomizationLevel="1">
      <IsolationMode>2</IsolationMode>
      <SourceType>0</SourceType>
      <IntroducedVersion>1.0</IntroducedVersion>
      <FileName>/PluginAssemblies/PaginatedDatasetPlugin-76D63AD4-7451-4E41-BA81-D452821545ED/PaginatedDatasetPlugin.dll</FileName>
      <PluginTypes>
        <PluginType AssemblyQualifiedName="PaginatedDatasetPlugin.PaginatedDataset, PaginatedDatasetPlugin, Version=0.1.0.0, Culture=neutral, PublicKeyToken=27260528b4884f8f" PluginTypeId="be507100-51e9-4a50-80d5-d6a83af6d91f" Name="PaginatedDatasetPlugin.PaginatedDataset">
          <FriendlyName>a340ef12-4229-477e-813e-8897112fa304</FriendlyName>
        </PluginType>
      </PluginTypes>
    </PluginAssembly>
  </SolutionPluginAssemblies>
  <EntityDataProviders />
  <CanvasApps>
    <CanvasApp>
      <Name>jeschro_paginateddataset_a8fe4</Name>
      <AppVersion>2023-03-06T15:06:45Z</AppVersion>
      <Status>Ready</Status>
      <CreatedByClientVersion>3.23023.21.0</CreatedByClientVersion>
      <MinClientVersion>3.23023.21.0</MinClientVersion>
      <Tags>{"primaryDeviceWidth":"1366","primaryDeviceHeight":"768","supportsPortrait":"true","supportsLandscape":"true","primaryFormFactor":"Tablet","publisherVersion":"3.23023.21","minimumRequiredApiVersion":"2.2.0","hasComponent":"false","hasUnlockedComponent":"false","isUnifiedRootApp":"false","sienaVersion":"20230306T140325Z-3.23023.21.0"}</Tags>
      <IsCdsUpgraded>0</IsCdsUpgraded>
      <GalleryItemId xsi:nil="true"></GalleryItemId>
      <BackgroundColor>RGBA(0,176,240,1)</BackgroundColor>
      <DisplayName>PaginatedDataset</DisplayName>
      <Description xsi:nil="true"></Description>
      <CommitMessage xsi:nil="true"></CommitMessage>
      <Publisher xsi:nil="true"></Publisher>
      <AuthorizationReferences>[]</AuthorizationReferences>
      <ConnectionReferences>{"19bc0cda-e64d-4bf9-bb2a-8fae6c1cb26e":{"id":"/providers/microsoft.powerapps/apis/shared_jeschro-5fpaginateddataset-5f01d7fe3dd93342c7","displayName":"PaginatedDataset","iconUri":"https://az787822.vo.msecnd.net/defaulticons/api-dedicated.png","dataSources":["PaginatedDataset"],"dependencies":[],"dependents":[],"parameterHints":{},"parameterHintsV2":{},"isOnPremiseConnection":false,"bypassConsent":false,"dataSets":{},"apiTier":"Standard","actions":["Query"],"customApiLogicalName":"jeschro_5Fpaginateddataset","isCustomApiSolutionAware":true}}</ConnectionReferences>
      <DatabaseReferences>{}</DatabaseReferences>
      <AppComponents>[]</AppComponents>
      <AppComponentDependencies>[]</AppComponentDependencies>
      <CanConsumeAppPass>1</CanConsumeAppPass>
      <CanvasAppType>0</CanvasAppType>
      <BypassConsent>0</BypassConsent>
      <AdminControlBypassConsent>0</AdminControlBypassConsent>
      <EmbeddedApp xsi:nil="true"></EmbeddedApp>
      <IntroducedVersion>1.0</IntroducedVersion>
      <CdsDependencies>{"cdsdependencies":[{"logicalname":"jeschro_5Fpaginateddataset","componenttype":372,"componenttypeplatformname":"connector"}]}</CdsDependencies>
      <IsCustomizable>1</IsCustomizable>
      <BackgroundImageUri>/CanvasApps/jeschro_paginateddataset_a8fe4_BackgroundImageUri</BackgroundImageUri>
      <DocumentUri>/CanvasApps/jeschro_paginateddataset_a8fe4_DocumentUri.msapp</DocumentUri>
    </CanvasApp>
  </CanvasApps>
  <Connectors>
    <Connector>
      <connectorid>3377c7c2-350a-4704-97b0-5b15ad686f63</connectorid>
      <description></description>
      <displayname>PaginatedDataset</displayname>
      <iconbrandcolor>#007ee5</iconbrandcolor>
      <name>jeschro_5Fpaginateddataset</name>
      <connectortype>1</connectortype>
      <openapidefinition>/Connector/jeschro_5Fpaginateddataset_openapidefinition.json</openapidefinition>
      <connectionparameters>/Connector/jeschro_5Fpaginateddataset_connectionparameters.json</connectionparameters>
      <policytemplateinstances>/Connector/jeschro_5Fpaginateddataset_policytemplateinstances.json</policytemplateinstances>
      <iconblob>/Connector/jeschro_5Fpaginateddataset_iconblob.Png</iconblob>
    </Connector>
  </Connectors>
  <Languages>
    <Language>1033</Language>
  </Languages>
</ImportExportXml>