{"token":{"type":"oauthSetting","oAuthSettings":{"identityProvider":"aad","clientId":"73ce9d31-7b0f-4ad0-84a4-170e8a71c31b","scopes":[],"redirectMode":"Global","redirectUrl":"https://global.consent.azure-apim.net/redirect","properties":{"IsFirstParty":"False","AzureActiveDirectoryResourceId":"https://org7e5c0996.crm4.dynamics.com","IsOnbehalfofLoginSupported":true},"customParameters":{"loginUri":{"value":"https://login.microsoftonline.com"},"tenantId":{"value":"common"},"resourceUri":{"value":"https://org7e5c0996.crm4.dynamics.com"},"enableOnbehalfOfLogin":{"value":"false"}}}},"token:TenantId":{"type":"string","metadata":{"sourceType":"AzureActiveDirectoryTenant"},"uiDefinition":{"constraints":{"required":"false","hidden":"true"}}}}